-- MySQL dump 10.13  Distrib 5.7.20, for Linux (x86_64)
--
-- Host: localhost    Database: vitals
-- ------------------------------------------------------
-- Server version	5.7.20-0ubuntu0.16.04.1

/*!40101 SET @OLD_CHARACTER_SET_CLIENT=@@CHARACTER_SET_CLIENT */;
/*!40101 SET @OLD_CHARACTER_SET_RESULTS=@@CHARACTER_SET_RESULTS */;
/*!40101 SET @OLD_COLLATION_CONNECTION=@@COLLATION_CONNECTION */;
/*!40101 SET NAMES utf8 */;
/*!40103 SET @OLD_TIME_ZONE=@@TIME_ZONE */;
/*!40103 SET TIME_ZONE='+00:00' */;
/*!40014 SET @OLD_UNIQUE_CHECKS=@@UNIQUE_CHECKS, UNIQUE_CHECKS=0 */;
/*!40014 SET @OLD_FOREIGN_KEY_CHECKS=@@FOREIGN_KEY_CHECKS, FOREIGN_KEY_CHECKS=0 */;
/*!40101 SET @OLD_SQL_MODE=@@SQL_MODE, SQL_MODE='NO_AUTO_VALUE_ON_ZERO' */;
/*!40111 SET @OLD_SQL_NOTES=@@SQL_NOTES, SQL_NOTES=0 */;

--
-- Table structure for table `company`
--

DROP TABLE IF EXISTS `company`;
/*!40101 SET @saved_cs_client     = @@character_set_client */;
/*!40101 SET character_set_client = utf8 */;
CREATE TABLE `company` (
  `id` int(10) unsigned NOT NULL AUTO_INCREMENT,
  `name` varchar(255) COLLATE utf8mb4_unicode_ci DEFAULT NULL,
  `domain_name` varchar(60) COLLATE utf8mb4_unicode_ci DEFAULT NULL,
  `created_at` timestamp NULL DEFAULT NULL,
  `updated_at` timestamp NULL DEFAULT NULL,
  PRIMARY KEY (`id`)
) ENGINE=InnoDB AUTO_INCREMENT=6 DEFAULT CHARSET=utf8mb4 COLLATE=utf8mb4_unicode_ci;
/*!40101 SET character_set_client = @saved_cs_client */;

--
-- Dumping data for table `company`
--

LOCK TABLES `company` WRITE;
/*!40000 ALTER TABLE `company` DISABLE KEYS */;
INSERT INTO `company` VALUES (1,'Aloha','Aloha',NULL,NULL),(2,'Slake','Slake',NULL,NULL),(3,'Sample','Sample',NULL,NULL),(4,'Aloha1','Aloha1',NULL,NULL),(5,'Sample1','Sample1',NULL,NULL);
/*!40000 ALTER TABLE `company` ENABLE KEYS */;
UNLOCK TABLES;

--
-- Table structure for table `migrations`
--

DROP TABLE IF EXISTS `migrations`;
/*!40101 SET @saved_cs_client     = @@character_set_client */;
/*!40101 SET character_set_client = utf8 */;
CREATE TABLE `migrations` (
  `id` int(10) unsigned NOT NULL AUTO_INCREMENT,
  `migration` varchar(255) COLLATE utf8mb4_unicode_ci NOT NULL,
  `batch` int(11) NOT NULL,
  PRIMARY KEY (`id`)
) ENGINE=InnoDB AUTO_INCREMENT=7 DEFAULT CHARSET=utf8mb4 COLLATE=utf8mb4_unicode_ci;
/*!40101 SET character_set_client = @saved_cs_client */;

--
-- Dumping data for table `migrations`
--

LOCK TABLES `migrations` WRITE;
/*!40000 ALTER TABLE `migrations` DISABLE KEYS */;
INSERT INTO `migrations` VALUES (1,'2014_10_12_000000_create_users_table',1),(2,'2014_10_12_100000_create_password_resets_table',1),(3,'2017_12_12_103929_create_company_table',1),(4,'2017_12_12_104831_create_modules_table',1),(5,'2017_12_14_110321_create_user_product_table',1),(6,'2017_12_15_085110_create_users_activity_table',1);
/*!40000 ALTER TABLE `migrations` ENABLE KEYS */;
UNLOCK TABLES;

--
-- Table structure for table `modules`
--

DROP TABLE IF EXISTS `modules`;
/*!40101 SET @saved_cs_client     = @@character_set_client */;
/*!40101 SET character_set_client = utf8 */;
CREATE TABLE `modules` (
  `id` int(10) unsigned NOT NULL AUTO_INCREMENT,
  `module_name` varchar(255) COLLATE utf8mb4_unicode_ci DEFAULT NULL,
  `created_at` timestamp NULL DEFAULT NULL,
  `updated_at` timestamp NULL DEFAULT NULL,
  PRIMARY KEY (`id`)
) ENGINE=InnoDB DEFAULT CHARSET=utf8mb4 COLLATE=utf8mb4_unicode_ci;
/*!40101 SET character_set_client = @saved_cs_client */;

--
-- Dumping data for table `modules`
--

LOCK TABLES `modules` WRITE;
/*!40000 ALTER TABLE `modules` DISABLE KEYS */;
/*!40000 ALTER TABLE `modules` ENABLE KEYS */;
UNLOCK TABLES;

--
-- Table structure for table `password_resets`
--

DROP TABLE IF EXISTS `password_resets`;
/*!40101 SET @saved_cs_client     = @@character_set_client */;
/*!40101 SET character_set_client = utf8 */;
CREATE TABLE `password_resets` (
  `email` varchar(255) COLLATE utf8mb4_unicode_ci NOT NULL,
  `token` varchar(255) COLLATE utf8mb4_unicode_ci NOT NULL,
  `created_at` timestamp NULL DEFAULT NULL,
  KEY `password_resets_email_index` (`email`)
) ENGINE=InnoDB DEFAULT CHARSET=utf8mb4 COLLATE=utf8mb4_unicode_ci;
/*!40101 SET character_set_client = @saved_cs_client */;

--
-- Dumping data for table `password_resets`
--

LOCK TABLES `password_resets` WRITE;
/*!40000 ALTER TABLE `password_resets` DISABLE KEYS */;
INSERT INTO `password_resets` VALUES ('krish@gmail.com','$2y$10$gxFt0bAE8CUkttv3JOAH2uk7X/vLstGKlBqpmQ7Died/L8PgwJPZy','2017-12-18 06:42:56');
/*!40000 ALTER TABLE `password_resets` ENABLE KEYS */;
UNLOCK TABLES;

--
-- Table structure for table `user_product`
--

DROP TABLE IF EXISTS `user_product`;
/*!40101 SET @saved_cs_client     = @@character_set_client */;
/*!40101 SET character_set_client = utf8 */;
CREATE TABLE `user_product` (
  `id` int(10) unsigned NOT NULL AUTO_INCREMENT,
  `uid` int(11) NOT NULL,
  `toggle` tinyint(4) DEFAULT NULL,
  `created_at` timestamp NULL DEFAULT NULL,
  `updated_at` timestamp NULL DEFAULT NULL,
  PRIMARY KEY (`id`)
) ENGINE=InnoDB AUTO_INCREMENT=57 DEFAULT CHARSET=utf8mb4 COLLATE=utf8mb4_unicode_ci;
/*!40101 SET character_set_client = @saved_cs_client */;

--
-- Dumping data for table `user_product`
--

LOCK TABLES `user_product` WRITE;
/*!40000 ALTER TABLE `user_product` DISABLE KEYS */;
INSERT INTO `user_product` VALUES (16,2,1,'2017-12-15 07:55:58','2017-12-15 07:55:58'),(17,2,1,'2017-12-15 07:55:58','2017-12-15 07:55:58');
/*!40000 ALTER TABLE `user_product` ENABLE KEYS */;
UNLOCK TABLES;

--
-- Table structure for table `users`
--

DROP TABLE IF EXISTS `users`;
/*!40101 SET @saved_cs_client     = @@character_set_client */;
/*!40101 SET character_set_client = utf8 */;
CREATE TABLE `users` (
  `id` int(10) unsigned NOT NULL AUTO_INCREMENT,
  `name` varchar(255) COLLATE utf8mb4_unicode_ci DEFAULT NULL,
  `email` varchar(255) COLLATE utf8mb4_unicode_ci NOT NULL,
  `password` varchar(255) COLLATE utf8mb4_unicode_ci DEFAULT NULL,
  `address` varchar(255) COLLATE utf8mb4_unicode_ci DEFAULT NULL,
  `city` varchar(255) COLLATE utf8mb4_unicode_ci DEFAULT NULL,
  `country` varchar(255) COLLATE utf8mb4_unicode_ci DEFAULT NULL,
  `postal_code` varchar(255) COLLATE utf8mb4_unicode_ci DEFAULT NULL,
  `avatar` varchar(255) COLLATE utf8mb4_unicode_ci DEFAULT NULL,
  `google_id` varchar(255) COLLATE utf8mb4_unicode_ci DEFAULT NULL,
  `about_me` text COLLATE utf8mb4_unicode_ci,
  `cid` int(11) DEFAULT NULL,
  `admin` tinyint(4) DEFAULT NULL,
  `status` tinyint(4) DEFAULT NULL,
  `remember_token` varchar(100) COLLATE utf8mb4_unicode_ci DEFAULT NULL,
  `created_at` timestamp NULL DEFAULT NULL,
  `updated_at` timestamp NULL DEFAULT NULL,
  PRIMARY KEY (`id`),
  UNIQUE KEY `users_email_unique` (`email`)
) ENGINE=InnoDB AUTO_INCREMENT=6 DEFAULT CHARSET=utf8mb4 COLLATE=utf8mb4_unicode_ci;
/*!40101 SET character_set_client = @saved_cs_client */;

--
-- Dumping data for table `users`
--

LOCK TABLES `users` WRITE;
/*!40000 ALTER TABLE `users` DISABLE KEYS */;
INSERT INTO `users` VALUES (1,'admin','admin@gmail.com','$2y$10$VoHU415VDeBMVbXQG/hH1uMSAY3UEByvMdvhTlbD/dQzb/PiiMVIS',NULL,NULL,NULL,NULL,NULL,NULL,NULL,1,2,NULL,'wAveRjw1r7w0gVO6gbp62MTxb1SGHpgpd2WZAP8ldbQbjmer8xEjdbKkJYbu','2017-12-15 06:28:36','2017-12-15 06:28:36'),(2,'Krishna','krish@gmail.com','$2y$10$h4CKT.e0Me9lmMcwbBMnSOi.rVjfTddAROoxbJT7ZGREZnMFYTplq','Baner','Pune','India','415523',NULL,NULL,'Welcome India.',2,NULL,1,'6hHRwM47MGdxGXH2SvnSVBEsX55sd5f3mldIvMncULPzOiDFELFy4Pi5hzse','2017-12-15 06:29:30','2017-12-18 11:49:33'),(3,'Suraj','suraj@gmail.com','$2y$10$Xo8.smJwWfhhplMvWIXhmuR/70ENU8dtwBp6N07Pq8Ke8tKD9uKwO',NULL,NULL,NULL,NULL,NULL,NULL,NULL,3,NULL,NULL,'gZ9tVNCH3LjxFdmxMgsmidULsTGnHt5tZ7qBT3DubrpZPTYnxy7uIkmWILTs','2017-12-15 06:29:57','2017-12-15 06:29:57'),(4,'test','test@gmail.com','$2y$10$sOKa2VQo5smU6GlYucQ2w.9rGxv42R9UcW3ul06bITj4iKCtVGozu',NULL,NULL,NULL,NULL,NULL,NULL,NULL,1,NULL,NULL,NULL,'2017-12-18 08:44:45','2017-12-18 08:44:45'),(5,'pradeep','pradeep@gmail.com','$2y$10$uv572YA8WzXK1sVS7wnHMesYvDLXGxa1FrP3orfQUaQvfs4L4Z5QW',NULL,NULL,NULL,NULL,NULL,NULL,NULL,3,NULL,NULL,NULL,'2017-12-18 08:45:44','2017-12-18 08:45:44');
/*!40000 ALTER TABLE `users` ENABLE KEYS */;
UNLOCK TABLES;

--
-- Table structure for table `users_activity`
--

DROP TABLE IF EXISTS `users_activity`;
/*!40101 SET @saved_cs_client     = @@character_set_client */;
/*!40101 SET character_set_client = utf8 */;
CREATE TABLE `users_activity` (
  `id` int(10) unsigned NOT NULL AUTO_INCREMENT,
  `user_id` int(11) NOT NULL,
  `url` varchar(255) COLLATE utf8mb4_unicode_ci DEFAULT NULL,
  `ip` varchar(255) COLLATE utf8mb4_unicode_ci NOT NULL,
  `created_at` timestamp NULL DEFAULT NULL,
  `updated_at` timestamp NULL DEFAULT NULL,
  PRIMARY KEY (`id`)
) ENGINE=InnoDB AUTO_INCREMENT=616 DEFAULT CHARSET=utf8mb4 COLLATE=utf8mb4_unicode_ci;
/*!40101 SET character_set_client = @saved_cs_client */;

--
-- Dumping data for table `users_activity`
--

LOCK TABLES `users_activity` WRITE;
/*!40000 ALTER TABLE `users_activity` DISABLE KEYS */;
INSERT INTO `users_activity` VALUES (1,1,'http://vitals.com/home','192.168.8.182','2017-12-15 06:28:36','2017-12-15 06:28:36'),(2,1,'http://vitals.com/userproduct','192.168.8.182','2017-12-15 06:28:40','2017-12-15 06:28:40'),(3,1,'http://vitals.com/module/1','192.168.8.182','2017-12-15 06:28:44','2017-12-15 06:28:44'),(4,1,'http://vitals.com/home','192.168.8.182','2017-12-15 06:29:03','2017-12-15 06:29:03'),(5,2,'http://vitals.com/home','192.168.8.182','2017-12-15 06:29:30','2017-12-15 06:29:30'),(6,3,'http://vitals.com/home','192.168.8.182','2017-12-15 06:29:57','2017-12-15 06:29:57'),(7,2,'http://vitals.com/home','192.168.8.182','2017-12-15 06:30:18','2017-12-15 06:30:18'),(8,2,'http://vitals.com/home','192.168.8.182','2017-12-15 06:33:26','2017-12-15 06:33:26'),(9,2,'http://vitals.com/home','192.168.8.182','2017-12-15 06:33:31','2017-12-15 06:33:31'),(10,2,'http://vitals.com/home','192.168.8.182','2017-12-15 06:33:33','2017-12-15 06:33:33'),(11,2,'http://vitals.com/home','192.168.8.182','2017-12-15 06:33:34','2017-12-15 06:33:34'),(12,2,'http://vitals.com/home','192.168.8.182','2017-12-15 06:33:35','2017-12-15 06:33:35'),(13,2,'http://vitals.com/home','192.168.8.182','2017-12-15 06:33:36','2017-12-15 06:33:36'),(14,2,'http://vitals.com/home','192.168.8.182','2017-12-15 06:33:36','2017-12-15 06:33:36'),(15,2,'http://vitals.com/home','192.168.8.182','2017-12-15 06:33:37','2017-12-15 06:33:37'),(16,2,'http://vitals.com/home','192.168.8.182','2017-12-15 06:33:39','2017-12-15 06:33:39'),(17,2,'http://vitals.com/home','192.168.8.182','2017-12-15 06:33:40','2017-12-15 06:33:40'),(18,2,'http://vitals.com/home','192.168.8.182','2017-12-15 06:33:41','2017-12-15 06:33:41'),(19,2,'http://vitals.com/home','192.168.8.182','2017-12-15 06:33:46','2017-12-15 06:33:46'),(20,2,'http://vitals.com/home','192.168.8.182','2017-12-15 06:33:47','2017-12-15 06:33:47'),(21,2,'http://vitals.com/home','192.168.8.182','2017-12-15 06:33:51','2017-12-15 06:33:51'),(22,2,'http://vitals.com/home','192.168.8.182','2017-12-15 06:33:54','2017-12-15 06:33:54'),(23,2,'http://vitals.com/home','192.168.8.182','2017-12-15 06:33:56','2017-12-15 06:33:56'),(24,2,'http://vitals.com/home','192.168.8.182','2017-12-15 06:33:57','2017-12-15 06:33:57'),(25,2,'http://vitals.com/home','192.168.8.182','2017-12-15 06:34:14','2017-12-15 06:34:14'),(26,2,'http://vitals.com/home','192.168.8.182','2017-12-15 06:34:16','2017-12-15 06:34:16'),(27,2,'http://vitals.com/home','192.168.8.182','2017-12-15 06:34:24','2017-12-15 06:34:24'),(28,2,'http://vitals.com/userproduct','192.168.8.182','2017-12-15 06:34:26','2017-12-15 06:34:26'),(29,2,'http://vitals.com/home','192.168.8.182','2017-12-15 06:36:03','2017-12-15 06:36:03'),(30,2,'http://vitals.com/home','192.168.8.182','2017-12-15 06:38:08','2017-12-15 06:38:08'),(31,2,'http://vitals.com/userproduct','192.168.8.182','2017-12-15 06:38:17','2017-12-15 06:38:17'),(32,2,'http://vitals.com/home','192.168.8.182','2017-12-15 06:46:10','2017-12-15 06:46:10'),(33,2,'http://vitals.com/userproduct','192.168.8.182','2017-12-15 06:46:13','2017-12-15 06:46:13'),(34,2,'http://vitals.com/home','192.168.8.182','2017-12-15 06:46:28','2017-12-15 06:46:28'),(35,1,'http://aloha.vitals.com/home','192.168.8.182','2017-12-15 06:47:02','2017-12-15 06:47:02'),(36,1,'http://aloha.vitals.com/profile','192.168.8.182','2017-12-15 06:47:04','2017-12-15 06:47:04'),(37,1,'http://aloha.vitals.com/userproduct','192.168.8.182','2017-12-15 06:47:09','2017-12-15 06:47:09'),(38,1,'http://aloha.vitals.com/profile','192.168.8.182','2017-12-15 06:47:22','2017-12-15 06:47:22'),(39,1,'http://aloha.vitals.com/userproduct','192.168.8.182','2017-12-15 06:48:10','2017-12-15 06:48:10'),(40,2,'http://vitals.com/home','192.168.8.182','2017-12-15 06:56:13','2017-12-15 06:56:13'),(41,2,'http://vitals.com/home','192.168.8.182','2017-12-15 06:56:14','2017-12-15 06:56:14'),(42,2,'http://vitals.com/home','192.168.8.182','2017-12-15 06:56:16','2017-12-15 06:56:16'),(43,2,'http://vitals.com/home','192.168.8.182','2017-12-15 06:56:17','2017-12-15 06:56:17'),(44,2,'http://vitals.com/home','192.168.8.182','2017-12-15 06:56:24','2017-12-15 06:56:24'),(45,2,'http://vitals.com/home','192.168.8.182','2017-12-15 06:56:26','2017-12-15 06:56:26'),(46,2,'http://vitals.com/home','192.168.8.182','2017-12-15 06:56:42','2017-12-15 06:56:42'),(47,2,'http://vitals.com/home','192.168.8.182','2017-12-15 06:56:44','2017-12-15 06:56:44'),(48,2,'http://vitals.com/home','192.168.8.182','2017-12-15 06:56:45','2017-12-15 06:56:45'),(49,2,'http://vitals.com/home','192.168.8.182','2017-12-15 06:56:48','2017-12-15 06:56:48'),(50,2,'http://vitals.com/home','192.168.8.182','2017-12-15 06:56:49','2017-12-15 06:56:49'),(51,2,'http://vitals.com/home','192.168.8.182','2017-12-15 06:56:49','2017-12-15 06:56:49'),(52,2,'http://vitals.com/home','192.168.8.182','2017-12-15 06:56:51','2017-12-15 06:56:51'),(53,2,'http://vitals.com/home','192.168.8.182','2017-12-15 06:57:08','2017-12-15 06:57:08'),(54,2,'http://vitals.com/userproduct','192.168.8.182','2017-12-15 06:57:10','2017-12-15 06:57:10'),(55,2,'http://vitals.com/userproduct','192.168.8.182','2017-12-15 07:02:59','2017-12-15 07:02:59'),(56,2,'http://vitals.com/userproduct','192.168.8.182','2017-12-15 07:04:35','2017-12-15 07:04:35'),(57,2,'http://vitals.com/userproduct','192.168.8.182','2017-12-15 07:05:10','2017-12-15 07:05:10'),(58,2,'http://vitals.com/userproduct','192.168.8.182','2017-12-15 07:05:41','2017-12-15 07:05:41'),(59,2,'http://vitals.com/userproduct','192.168.8.182','2017-12-15 07:06:32','2017-12-15 07:06:32'),(60,2,'http://vitals.com/userproduct','192.168.8.182','2017-12-15 07:08:49','2017-12-15 07:08:49'),(61,2,'http://vitals.com/userproduct','192.168.8.182','2017-12-15 07:09:02','2017-12-15 07:09:02'),(62,2,'http://vitals.com/userproduct','192.168.8.182','2017-12-15 07:09:07','2017-12-15 07:09:07'),(63,2,'http://vitals.com/home','192.168.8.182','2017-12-15 07:09:13','2017-12-15 07:09:13'),(64,2,'http://vitals.com/userproduct','192.168.8.182','2017-12-15 07:09:54','2017-12-15 07:09:54'),(65,2,'http://vitals.com/userproduct','192.168.8.182','2017-12-15 07:09:56','2017-12-15 07:09:56'),(66,2,'http://vitals.com/userproduct','192.168.8.182','2017-12-15 07:10:29','2017-12-15 07:10:29'),(67,2,'http://vitals.com/module/1','192.168.8.182','2017-12-15 07:28:28','2017-12-15 07:28:28'),(68,2,'http://vitals.com/module/2','192.168.8.182','2017-12-15 07:28:38','2017-12-15 07:28:38'),(69,2,'http://vitals.com/userproduct','192.168.8.182','2017-12-15 07:31:54','2017-12-15 07:31:54'),(70,2,'http://vitals.com/module/1','192.168.8.182','2017-12-15 07:32:11','2017-12-15 07:32:11'),(71,2,'http://vitals.com/module/2','192.168.8.182','2017-12-15 07:32:23','2017-12-15 07:32:23'),(72,2,'http://vitals.com/module/1','192.168.8.182','2017-12-15 07:34:17','2017-12-15 07:34:17'),(73,2,'http://vitals.com/module/1','192.168.8.182','2017-12-15 07:35:35','2017-12-15 07:35:35'),(74,2,'http://vitals.com/module/1','192.168.8.182','2017-12-15 07:35:51','2017-12-15 07:35:51'),(75,2,'http://vitals.com/userproduct','192.168.8.182','2017-12-15 07:36:29','2017-12-15 07:36:29'),(76,2,'http://vitals.com/module/1','192.168.8.182','2017-12-15 07:36:32','2017-12-15 07:36:32'),(77,2,'http://vitals.com/module/1','192.168.8.182','2017-12-15 07:38:39','2017-12-15 07:38:39'),(78,2,'http://vitals.com/userproduct','192.168.8.182','2017-12-15 07:38:48','2017-12-15 07:38:48'),(79,2,'http://vitals.com/module/1','192.168.8.182','2017-12-15 07:38:52','2017-12-15 07:38:52'),(80,2,'http://vitals.com/module/1','192.168.8.182','2017-12-15 07:39:25','2017-12-15 07:39:25'),(81,2,'http://vitals.com/module/1','192.168.8.182','2017-12-15 07:39:51','2017-12-15 07:39:51'),(82,2,'http://vitals.com/module/1','192.168.8.182','2017-12-15 07:39:59','2017-12-15 07:39:59'),(83,2,'http://vitals.com/module/1','192.168.8.182','2017-12-15 07:40:14','2017-12-15 07:40:14'),(84,2,'http://vitals.com/userproduct','192.168.8.182','2017-12-15 07:40:17','2017-12-15 07:40:17'),(85,2,'http://vitals.com/userproduct','192.168.8.182','2017-12-15 07:40:49','2017-12-15 07:40:49'),(86,2,'http://vitals.com/userproduct','192.168.8.182','2017-12-15 07:41:18','2017-12-15 07:41:18'),(87,2,'http://vitals.com/userproduct','192.168.8.182','2017-12-15 07:41:32','2017-12-15 07:41:32'),(88,2,'http://vitals.com/module/1','192.168.8.182','2017-12-15 07:41:35','2017-12-15 07:41:35'),(89,2,'http://vitals.com/module/1','192.168.8.182','2017-12-15 07:41:58','2017-12-15 07:41:58'),(90,2,'http://vitals.com/userproduct','192.168.8.182','2017-12-15 07:42:06','2017-12-15 07:42:06'),(91,2,'http://vitals.com/userproduct','192.168.8.182','2017-12-15 07:42:47','2017-12-15 07:42:47'),(92,2,'http://vitals.com/module/1','192.168.8.182','2017-12-15 07:42:58','2017-12-15 07:42:58'),(93,2,'http://vitals.com/userproduct','192.168.8.182','2017-12-15 07:43:45','2017-12-15 07:43:45'),(94,2,'http://vitals.com/userproduct','192.168.8.182','2017-12-15 07:43:57','2017-12-15 07:43:57'),(95,2,'http://vitals.com/module/1','192.168.8.182','2017-12-15 07:44:58','2017-12-15 07:44:58'),(96,2,'http://vitals.com/userproduct','192.168.8.182','2017-12-15 07:45:23','2017-12-15 07:45:23'),(97,2,'http://vitals.com/userproduct','192.168.8.182','2017-12-15 07:46:55','2017-12-15 07:46:55'),(98,2,'http://vitals.com/userproduct','192.168.8.182','2017-12-15 07:47:10','2017-12-15 07:47:10'),(99,2,'http://vitals.com/userproduct','192.168.8.182','2017-12-15 07:47:12','2017-12-15 07:47:12'),(100,2,'http://vitals.com/userproduct','192.168.8.182','2017-12-15 07:48:31','2017-12-15 07:48:31'),(101,2,'http://vitals.com/module/1','192.168.8.182','2017-12-15 07:48:33','2017-12-15 07:48:33'),(102,2,'http://vitals.com/module/1','192.168.8.182','2017-12-15 07:49:45','2017-12-15 07:49:45'),(103,2,'http://vitals.com/userproduct','192.168.8.182','2017-12-15 07:50:25','2017-12-15 07:50:25'),(104,2,'http://vitals.com/userproduct','192.168.8.182','2017-12-15 07:50:45','2017-12-15 07:50:45'),(105,2,'http://vitals.com/module/1','192.168.8.182','2017-12-15 07:50:53','2017-12-15 07:50:53'),(106,2,'http://vitals.com/userproduct','192.168.8.182','2017-12-15 07:51:22','2017-12-15 07:51:22'),(107,2,'http://vitals.com/module/1','192.168.8.182','2017-12-15 07:51:25','2017-12-15 07:51:25'),(108,2,'http://vitals.com/module/1','192.168.8.182','2017-12-15 07:53:06','2017-12-15 07:53:06'),(109,2,'http://vitals.com/module/1','192.168.8.182','2017-12-15 07:53:09','2017-12-15 07:53:09'),(110,2,'http://vitals.com/module/1','192.168.8.182','2017-12-15 07:53:10','2017-12-15 07:53:10'),(111,2,'http://vitals.com/module/1','192.168.8.182','2017-12-15 07:53:23','2017-12-15 07:53:23'),(112,2,'http://vitals.com/module/1','192.168.8.182','2017-12-15 07:54:54','2017-12-15 07:54:54'),(113,2,'http://vitals.com/module/1','192.168.8.182','2017-12-15 07:55:01','2017-12-15 07:55:01'),(114,2,'http://vitals.com/module/1','192.168.8.182','2017-12-15 07:55:06','2017-12-15 07:55:06'),(115,2,'http://vitals.com/module/1','192.168.8.182','2017-12-15 07:55:13','2017-12-15 07:55:13'),(116,2,'http://vitals.com/module/1','192.168.8.182','2017-12-15 07:55:58','2017-12-15 07:55:58'),(117,1,'http://aloha.vitals.com/home','192.168.8.182','2017-12-15 07:56:09','2017-12-15 07:56:09'),(118,1,'http://aloha.vitals.com/profile','192.168.8.182','2017-12-15 07:56:11','2017-12-15 07:56:11'),(119,1,'http://aloha.vitals.com/userproduct','192.168.8.182','2017-12-15 07:56:14','2017-12-15 07:56:14'),(120,1,'http://aloha.vitals.com/userproduct','192.168.8.182','2017-12-15 07:56:20','2017-12-15 07:56:20'),(121,2,'http://vitals.com/module/1','192.168.8.182','2017-12-15 07:56:30','2017-12-15 07:56:30'),(122,2,'http://vitals.com/userproduct','192.168.8.182','2017-12-15 07:58:13','2017-12-15 07:58:13'),(123,2,'http://vitals.com/module/1','192.168.8.182','2017-12-15 07:58:18','2017-12-15 07:58:18'),(124,2,'http://vitals.com/userproduct','192.168.8.182','2017-12-15 07:58:44','2017-12-15 07:58:44'),(125,2,'http://vitals.com/module/1','192.168.8.182','2017-12-15 07:58:48','2017-12-15 07:58:48'),(126,2,'http://vitals.com/module/1','192.168.8.182','2017-12-15 07:59:03','2017-12-15 07:59:03'),(127,1,'http://aloha.vitals.com/profile','192.168.8.182','2017-12-15 07:59:51','2017-12-15 07:59:51'),(128,1,'http://aloha.vitals.com/userproduct','192.168.8.182','2017-12-15 07:59:58','2017-12-15 07:59:58'),(129,1,'http://aloha.vitals.com/userproduct','192.168.8.182','2017-12-15 08:01:01','2017-12-15 08:01:01'),(130,1,'http://aloha.vitals.com/userproduct','192.168.8.182','2017-12-15 08:01:09','2017-12-15 08:01:09'),(131,1,'http://aloha.vitals.com/profile','192.168.8.182','2017-12-15 08:01:19','2017-12-15 08:01:19'),(132,1,'http://aloha.vitals.com/profile','192.168.8.182','2017-12-15 08:01:23','2017-12-15 08:01:23'),(133,1,'http://aloha.vitals.com/home','192.168.8.182','2017-12-15 08:02:02','2017-12-15 08:02:02'),(134,1,'http://aloha.vitals.com/home','192.168.8.182','2017-12-15 08:02:04','2017-12-15 08:02:04'),(135,1,'http://aloha.vitals.com/profile','192.168.8.182','2017-12-15 08:02:05','2017-12-15 08:02:05'),(136,1,'http://aloha.vitals.com/home','192.168.8.182','2017-12-15 08:02:20','2017-12-15 08:02:20'),(137,1,'http://aloha.vitals.com/profile','192.168.8.182','2017-12-15 08:02:35','2017-12-15 08:02:35'),(138,1,'http://aloha.vitals.com/profile','192.168.8.182','2017-12-15 08:03:31','2017-12-15 08:03:31'),(139,1,'http://aloha.vitals.com/profile','192.168.8.182','2017-12-15 08:04:18','2017-12-15 08:04:18'),(140,2,'http://aloha.vitals.com/home','192.168.8.182','2017-12-15 08:04:37','2017-12-15 08:04:37'),(141,2,'http://aloha.vitals.com/profile','192.168.8.182','2017-12-15 08:04:39','2017-12-15 08:04:39'),(142,2,'http://aloha.vitals.com/home','192.168.8.182','2017-12-15 08:14:30','2017-12-15 08:14:30'),(143,2,'http://aloha.vitals.com/profile','192.168.8.182','2017-12-15 08:14:34','2017-12-15 08:14:34'),(144,2,'http://aloha.vitals.com/profile','192.168.8.182','2017-12-15 08:14:37','2017-12-15 08:14:37'),(145,2,'http://aloha.vitals.com/profile','192.168.8.182','2017-12-15 08:15:46','2017-12-15 08:15:46'),(146,2,'http://aloha.vitals.com/profile','192.168.8.182','2017-12-15 08:15:53','2017-12-15 08:15:53'),(147,2,'http://aloha.vitals.com/home','192.168.8.182','2017-12-15 08:24:38','2017-12-15 08:24:38'),(148,2,'http://aloha.vitals.com/profile','192.168.8.182','2017-12-15 08:24:45','2017-12-15 08:24:45'),(149,2,'http://aloha.vitals.com/profile','192.168.8.182','2017-12-15 08:24:48','2017-12-15 08:24:48'),(150,2,'http://aloha.vitals.com/profile','192.168.8.182','2017-12-15 08:24:51','2017-12-15 08:24:51'),(151,2,'http://aloha.vitals.com/profile','192.168.8.182','2017-12-15 08:24:58','2017-12-15 08:24:58'),(152,2,'http://aloha.vitals.com/profile','192.168.8.182','2017-12-15 08:26:02','2017-12-15 08:26:02'),(153,2,'http://aloha.vitals.com/profile','192.168.8.182','2017-12-15 08:26:06','2017-12-15 08:26:06'),(154,2,'http://aloha.vitals.com/profile','192.168.8.182','2017-12-15 08:26:09','2017-12-15 08:26:09'),(155,2,'http://aloha.vitals.com/profile','192.168.8.182','2017-12-15 08:26:53','2017-12-15 08:26:53'),(156,2,'http://aloha.vitals.com/profile','192.168.8.182','2017-12-15 08:27:05','2017-12-15 08:27:05'),(157,2,'http://aloha.vitals.com/profile','192.168.8.182','2017-12-15 08:27:15','2017-12-15 08:27:15'),(158,2,'http://aloha.vitals.com/profile','192.168.8.182','2017-12-15 08:28:19','2017-12-15 08:28:19'),(159,2,'http://aloha.vitals.com/profile','192.168.8.182','2017-12-15 08:29:59','2017-12-15 08:29:59'),(160,2,'http://aloha.vitals.com/profile','192.168.8.182','2017-12-15 08:30:02','2017-12-15 08:30:02'),(161,2,'http://aloha.vitals.com/home','192.168.8.182','2017-12-15 08:30:11','2017-12-15 08:30:11'),(162,2,'http://aloha.vitals.com/home','192.168.8.182','2017-12-15 08:30:48','2017-12-15 08:30:48'),(163,2,'http://aloha.vitals.com/profile','192.168.8.182','2017-12-15 08:30:50','2017-12-15 08:30:50'),(164,2,'http://aloha.vitals.com/home','192.168.8.182','2017-12-15 08:31:26','2017-12-15 08:31:26'),(165,2,'http://aloha.vitals.com/home','192.168.8.182','2017-12-15 08:31:28','2017-12-15 08:31:28'),(166,2,'http://aloha.vitals.com/home','192.168.8.182','2017-12-15 08:31:29','2017-12-15 08:31:29'),(167,2,'http://aloha.vitals.com/profile','192.168.8.182','2017-12-15 08:31:30','2017-12-15 08:31:30'),(168,2,'http://aloha.vitals.com/profile','192.168.8.182','2017-12-15 08:32:11','2017-12-15 08:32:11'),(169,2,'http://aloha.vitals.com/profile','192.168.8.182','2017-12-15 08:33:56','2017-12-15 08:33:56'),(170,2,'http://aloha.vitals.com/profile','192.168.8.182','2017-12-15 08:34:18','2017-12-15 08:34:18'),(171,2,'http://aloha.vitals.com/profile','192.168.8.182','2017-12-15 08:35:33','2017-12-15 08:35:33'),(172,2,'http://aloha.vitals.com/profile','192.168.8.182','2017-12-15 08:36:51','2017-12-15 08:36:51'),(173,2,'http://aloha.vitals.com/profile','192.168.8.182','2017-12-15 08:37:03','2017-12-15 08:37:03'),(174,2,'http://aloha.vitals.com/home','192.168.8.182','2017-12-15 08:38:04','2017-12-15 08:38:04'),(175,2,'http://aloha.vitals.com/profile','192.168.8.182','2017-12-15 08:38:05','2017-12-15 08:38:05'),(176,2,'http://aloha.vitals.com/home','192.168.8.182','2017-12-15 08:38:07','2017-12-15 08:38:07'),(177,2,'http://aloha.vitals.com/profile','192.168.8.182','2017-12-15 08:38:08','2017-12-15 08:38:08'),(178,2,'http://aloha.vitals.com/home','192.168.8.182','2017-12-15 08:38:10','2017-12-15 08:38:10'),(179,2,'http://aloha.vitals.com/profile','192.168.8.182','2017-12-15 08:38:10','2017-12-15 08:38:10'),(180,2,'http://aloha.vitals.com/home','192.168.8.182','2017-12-15 08:38:11','2017-12-15 08:38:11'),(181,2,'http://aloha.vitals.com/profile','192.168.8.182','2017-12-15 08:38:12','2017-12-15 08:38:12'),(182,2,'http://aloha.vitals.com/home','192.168.8.182','2017-12-15 08:38:12','2017-12-15 08:38:12'),(183,2,'http://aloha.vitals.com/profile','192.168.8.182','2017-12-15 08:38:13','2017-12-15 08:38:13'),(184,2,'http://aloha.vitals.com/home','192.168.8.182','2017-12-15 08:38:15','2017-12-15 08:38:15'),(185,2,'http://aloha.vitals.com/profile','192.168.8.182','2017-12-15 08:39:33','2017-12-15 08:39:33'),(186,2,'http://aloha.vitals.com/home','192.168.8.182','2017-12-15 08:39:34','2017-12-15 08:39:34'),(187,2,'http://aloha.vitals.com/profile','192.168.8.182','2017-12-15 08:39:35','2017-12-15 08:39:35'),(188,2,'http://aloha.vitals.com/home','192.168.8.182','2017-12-15 08:39:36','2017-12-15 08:39:36'),(189,2,'http://aloha.vitals.com/profile','192.168.8.182','2017-12-15 08:39:37','2017-12-15 08:39:37'),(190,2,'http://aloha.vitals.com/home','192.168.8.182','2017-12-15 08:39:37','2017-12-15 08:39:37'),(191,2,'http://aloha.vitals.com/profile','192.168.8.182','2017-12-15 08:39:39','2017-12-15 08:39:39'),(192,2,'http://aloha.vitals.com/home','192.168.8.182','2017-12-15 08:39:40','2017-12-15 08:39:40'),(193,2,'http://aloha.vitals.com/profile','192.168.8.182','2017-12-15 08:39:40','2017-12-15 08:39:40'),(194,2,'http://aloha.vitals.com/home','192.168.8.182','2017-12-15 08:39:41','2017-12-15 08:39:41'),(195,2,'http://aloha.vitals.com/profile','192.168.8.182','2017-12-15 08:39:42','2017-12-15 08:39:42'),(196,1,'http://vitals.com/userproduct','192.168.8.182','2017-12-15 08:45:21','2017-12-15 08:45:21'),(197,1,'http://vitals.com/userproduct','192.168.8.182','2017-12-15 08:46:27','2017-12-15 08:46:27'),(198,1,'http://vitals.com/userproduct','192.168.8.182','2017-12-15 08:47:53','2017-12-15 08:47:53'),(199,1,'http://vitals.com/userproduct','192.168.8.182','2017-12-15 08:52:48','2017-12-15 08:52:48'),(200,1,'http://vitals.com/userproduct','192.168.8.182','2017-12-15 08:53:20','2017-12-15 08:53:20'),(201,1,'http://vitals.com/userproduct','192.168.8.182','2017-12-15 08:54:41','2017-12-15 08:54:41'),(202,1,'http://vitals.com/userproduct','192.168.8.182','2017-12-15 08:59:25','2017-12-15 08:59:25'),(203,2,'http://aloha.vitals.com/home','192.168.8.182','2017-12-15 08:59:50','2017-12-15 08:59:50'),(204,2,'http://aloha.vitals.com/profile','192.168.8.182','2017-12-15 08:59:52','2017-12-15 08:59:52'),(205,2,'http://aloha.vitals.com/home','192.168.8.182','2017-12-15 08:59:53','2017-12-15 08:59:53'),(206,1,'http://vitals.com/module/1','192.168.8.182','2017-12-15 09:00:04','2017-12-15 09:00:04'),(207,2,'http://aloha.vitals.com/profile','192.168.8.182','2017-12-15 09:00:18','2017-12-15 09:00:18'),(208,1,'http://vitals.com/module/1','192.168.8.182','2017-12-15 09:01:08','2017-12-15 09:01:08'),(209,1,'http://vitals.com/module/1','192.168.8.182','2017-12-15 09:01:11','2017-12-15 09:01:11'),(210,2,'http://aloha.vitals.com/home','192.168.8.182','2017-12-15 09:01:45','2017-12-15 09:01:45'),(211,2,'http://aloha.vitals.com/profile','192.168.8.182','2017-12-15 09:01:46','2017-12-15 09:01:46'),(212,2,'http://aloha.vitals.com/update','192.168.8.182','2017-12-15 09:02:13','2017-12-15 09:02:13'),(213,2,'http://aloha.vitals.com/home','192.168.8.182','2017-12-15 09:09:49','2017-12-15 09:09:49'),(214,2,'http://aloha.vitals.com/profile','192.168.8.182','2017-12-15 09:09:50','2017-12-15 09:09:50'),(215,2,'http://aloha.vitals.com/update','192.168.8.182','2017-12-15 09:10:20','2017-12-15 09:10:20'),(216,2,'http://aloha.vitals.com/update','192.168.8.182','2017-12-15 09:12:14','2017-12-15 09:12:14'),(217,2,'http://aloha.vitals.com/profile','192.168.8.182','2017-12-15 09:12:14','2017-12-15 09:12:14'),(218,2,'http://aloha.vitals.com/update','192.168.8.182','2017-12-15 09:12:20','2017-12-15 09:12:20'),(219,2,'http://aloha.vitals.com/profile','192.168.8.182','2017-12-15 09:12:20','2017-12-15 09:12:20'),(220,2,'http://aloha.vitals.com/update','192.168.8.182','2017-12-15 09:12:26','2017-12-15 09:12:26'),(221,2,'http://aloha.vitals.com/profile','192.168.8.182','2017-12-15 09:12:26','2017-12-15 09:12:26'),(222,2,'http://aloha.vitals.com/profile','192.168.8.182','2017-12-15 09:12:28','2017-12-15 09:12:28'),(223,1,'http://vitals.com/userproduct','192.168.8.182','2017-12-15 09:18:58','2017-12-15 09:18:58'),(224,1,'http://vitals.com/userproduct','192.168.8.182','2017-12-15 09:29:08','2017-12-15 09:29:08'),(225,1,'http://vitals.com/userproduct','192.168.8.182','2017-12-15 09:29:43','2017-12-15 09:29:43'),(226,1,'http://vitals.com/userproduct','192.168.8.182','2017-12-15 09:29:45','2017-12-15 09:29:45'),(227,1,'http://vitals.com/module/2','192.168.8.182','2017-12-15 09:29:57','2017-12-15 09:29:57'),(228,1,'http://vitals.com/module/2','192.168.8.182','2017-12-15 09:30:21','2017-12-15 09:30:21'),(229,1,'http://vitals.com/module/2','192.168.8.182','2017-12-15 09:38:08','2017-12-15 09:38:08'),(230,1,'http://vitals.com/module/2','192.168.8.182','2017-12-15 09:39:57','2017-12-15 09:39:57'),(231,1,'http://vitals.com/module/2','192.168.8.182','2017-12-15 09:41:24','2017-12-15 09:41:24'),(232,1,'http://vitals.com/module/2','192.168.8.182','2017-12-15 09:42:53','2017-12-15 09:42:53'),(233,1,'http://vitals.com/module/2','192.168.8.182','2017-12-15 09:42:55','2017-12-15 09:42:55'),(234,1,'http://vitals.com/module/2','192.168.8.182','2017-12-15 09:43:37','2017-12-15 09:43:37'),(235,1,'http://vitals.com/userproduct','192.168.8.182','2017-12-15 09:43:48','2017-12-15 09:43:48'),(236,1,'http://vitals.com/module/3','192.168.8.182','2017-12-15 09:43:50','2017-12-15 09:43:50'),(237,1,'http://vitals.com/module/3','192.168.8.182','2017-12-15 09:43:54','2017-12-15 09:43:54'),(238,1,'http://vitals.com/module/3','192.168.8.182','2017-12-15 09:44:41','2017-12-15 09:44:41'),(239,1,'http://vitals.com/module/3','192.168.8.182','2017-12-15 09:45:10','2017-12-15 09:45:10'),(240,1,'http://vitals.com/module/3','192.168.8.182','2017-12-15 09:46:09','2017-12-15 09:46:09'),(241,1,'http://vitals.com/module/3','192.168.8.182','2017-12-15 09:46:19','2017-12-15 09:46:19'),(242,1,'http://vitals.com/userproduct','192.168.8.182','2017-12-15 09:47:56','2017-12-15 09:47:56'),(243,1,'http://vitals.com/module/2','192.168.8.182','2017-12-15 09:47:57','2017-12-15 09:47:57'),(244,1,'http://vitals.com/module/2','192.168.8.182','2017-12-15 09:48:01','2017-12-15 09:48:01'),(245,1,'http://vitals.com/module/2','192.168.8.182','2017-12-15 09:57:25','2017-12-15 09:57:25'),(246,1,'http://vitals.com/module/2','192.168.8.182','2017-12-15 09:57:39','2017-12-15 09:57:39'),(247,1,'http://vitals.com/module/2','192.168.8.182','2017-12-15 09:57:49','2017-12-15 09:57:49'),(248,1,'http://vitals.com/module/2','192.168.8.182','2017-12-15 09:57:54','2017-12-15 09:57:54'),(249,1,'http://vitals.com/module/2','192.168.8.182','2017-12-15 09:58:03','2017-12-15 09:58:03'),(250,1,'http://vitals.com/module/2','192.168.8.182','2017-12-15 09:58:54','2017-12-15 09:58:54'),(251,1,'http://vitals.com/module/2','192.168.8.182','2017-12-15 09:59:09','2017-12-15 09:59:09'),(252,1,'http://vitals.com/module/2','192.168.8.182','2017-12-15 09:59:19','2017-12-15 09:59:19'),(253,1,'http://vitals.com/module/2','192.168.8.182','2017-12-15 09:59:51','2017-12-15 09:59:51'),(254,1,'http://vitals.com/userproduct','192.168.8.182','2017-12-15 09:59:56','2017-12-15 09:59:56'),(255,1,'http://vitals.com/module/2','192.168.8.182','2017-12-15 09:59:59','2017-12-15 09:59:59'),(256,1,'http://vitals.com/userproduct','192.168.8.182','2017-12-15 10:00:00','2017-12-15 10:00:00'),(257,1,'http://vitals.com/module/3','192.168.8.182','2017-12-15 10:00:02','2017-12-15 10:00:02'),(258,1,'http://vitals.com/module/3','192.168.8.182','2017-12-15 10:00:06','2017-12-15 10:00:06'),(259,1,'http://vitals.com/module/3','192.168.8.182','2017-12-15 10:00:10','2017-12-15 10:00:10'),(260,1,'http://vitals.com/module/3','192.168.8.182','2017-12-15 10:00:12','2017-12-15 10:00:12'),(261,1,'http://vitals.com/module/3','192.168.8.182','2017-12-15 10:00:12','2017-12-15 10:00:12'),(262,1,'http://vitals.com/module/3','192.168.8.182','2017-12-15 10:00:12','2017-12-15 10:00:12'),(263,1,'http://vitals.com/module/3','192.168.8.182','2017-12-15 10:00:18','2017-12-15 10:00:18'),(264,1,'http://vitals.com/module/3','192.168.8.182','2017-12-15 10:01:02','2017-12-15 10:01:02'),(265,1,'http://vitals.com/module/3','192.168.8.182','2017-12-15 10:01:08','2017-12-15 10:01:08'),(266,1,'http://vitals.com/module/3','192.168.8.182','2017-12-15 10:01:19','2017-12-15 10:01:19'),(267,1,'http://vitals.com/userproduct','192.168.8.182','2017-12-15 10:01:21','2017-12-15 10:01:21'),(268,1,'http://vitals.com/module/3','192.168.8.182','2017-12-15 10:01:27','2017-12-15 10:01:27'),(269,1,'http://vitals.com/module/3','192.168.8.182','2017-12-15 10:01:32','2017-12-15 10:01:32'),(270,1,'http://vitals.com/module/3','192.168.8.182','2017-12-15 10:02:23','2017-12-15 10:02:23'),(271,1,'http://vitals.com/userproduct','192.168.8.182','2017-12-15 10:02:33','2017-12-15 10:02:33'),(272,1,'http://vitals.com/userproduct','192.168.8.182','2017-12-15 10:02:52','2017-12-15 10:02:52'),(273,1,'http://vitals.com/module/2','192.168.8.182','2017-12-15 10:02:58','2017-12-15 10:02:58'),(274,2,'http://aloha.vitals.com/home','192.168.8.182','2017-12-15 10:03:18','2017-12-15 10:03:18'),(275,2,'http://aloha.vitals.com/home','192.168.8.182','2017-12-15 10:03:20','2017-12-15 10:03:20'),(276,2,'http://aloha.vitals.com/profile','192.168.8.182','2017-12-15 10:03:20','2017-12-15 10:03:20'),(277,2,'http://aloha.vitals.com/home','192.168.8.182','2017-12-15 10:05:34','2017-12-15 10:05:34'),(278,1,'http://vitals.com/userproduct','192.168.8.182','2017-12-15 10:06:34','2017-12-15 10:06:34'),(279,1,'http://vitals.com/userproduct','192.168.8.182','2017-12-15 10:07:10','2017-12-15 10:07:10'),(280,1,'http://vitals.com/userproduct','192.168.8.182','2017-12-15 10:09:12','2017-12-15 10:09:12'),(281,1,'http://vitals.com/userproduct','192.168.8.182','2017-12-15 10:12:12','2017-12-15 10:12:12'),(282,1,'http://vitals.com/userproduct','192.168.8.182','2017-12-15 10:14:39','2017-12-15 10:14:39'),(283,1,'http://vitals.com/userproduct','192.168.8.182','2017-12-15 10:21:35','2017-12-15 10:21:35'),(284,1,'http://vitals.com/userproduct','192.168.8.182','2017-12-15 10:21:43','2017-12-15 10:21:43'),(285,1,'http://vitals.com/userproduct','192.168.8.182','2017-12-15 10:22:10','2017-12-15 10:22:10'),(286,1,'http://vitals.com/userproduct','192.168.8.182','2017-12-15 10:23:38','2017-12-15 10:23:38'),(287,1,'http://vitals.com/userproduct','192.168.8.182','2017-12-15 10:23:51','2017-12-15 10:23:51'),(288,1,'http://vitals.com/userproduct','192.168.8.182','2017-12-15 10:26:29','2017-12-15 10:26:29'),(289,1,'http://vitals.com/userproduct','192.168.8.182','2017-12-15 10:29:19','2017-12-15 10:29:19'),(290,1,'http://vitals.com/userproduct','192.168.8.182','2017-12-15 10:31:10','2017-12-15 10:31:10'),(291,1,'http://vitals.com/module/2','192.168.8.182','2017-12-15 10:36:19','2017-12-15 10:36:19'),(292,1,'http://vitals.com/module/3','192.168.8.182','2017-12-15 10:36:22','2017-12-15 10:36:22'),(293,1,'http://vitals.com/userproduct','192.168.8.182','2017-12-15 10:47:04','2017-12-15 10:47:04'),(294,1,'http://vitals.com/userproduct','192.168.8.182','2017-12-15 10:47:46','2017-12-15 10:47:46'),(295,1,'http://vitals.com/userproduct','192.168.8.182','2017-12-15 10:47:52','2017-12-15 10:47:52'),(296,1,'http://vitals.com/userproduct','192.168.8.182','2017-12-15 10:52:18','2017-12-15 10:52:18'),(297,1,'http://vitals.com/userproduct','192.168.8.182','2017-12-15 10:52:24','2017-12-15 10:52:24'),(298,1,'http://vitals.com/userproduct','192.168.8.182','2017-12-15 10:54:28','2017-12-15 10:54:28'),(299,1,'http://vitals.com/userproduct','192.168.8.182','2017-12-15 10:55:10','2017-12-15 10:55:10'),(300,1,'http://vitals.com/userproduct','192.168.8.182','2017-12-15 10:55:10','2017-12-15 10:55:10'),(301,1,'http://vitals.com/userproduct','192.168.8.182','2017-12-15 10:55:55','2017-12-15 10:55:55'),(302,1,'http://vitals.com/userproduct','192.168.8.182','2017-12-15 10:57:26','2017-12-15 10:57:26'),(303,1,'http://vitals.com/userproduct','192.168.8.182','2017-12-15 10:57:27','2017-12-15 10:57:27'),(304,1,'http://vitals.com/userproduct','192.168.8.182','2017-12-15 10:57:27','2017-12-15 10:57:27'),(305,1,'http://vitals.com/userproduct','192.168.8.182','2017-12-15 10:58:20','2017-12-15 10:58:20'),(306,1,'http://vitals.com/userproduct','192.168.8.182','2017-12-15 10:58:26','2017-12-15 10:58:26'),(307,1,'http://vitals.com/userproduct','192.168.8.182','2017-12-15 10:58:27','2017-12-15 10:58:27'),(308,1,'http://vitals.com/userproduct','192.168.8.182','2017-12-15 10:58:27','2017-12-15 10:58:27'),(309,1,'http://vitals.com/userproduct','192.168.8.182','2017-12-15 10:58:27','2017-12-15 10:58:27'),(310,1,'http://vitals.com/userproduct','192.168.8.182','2017-12-15 10:58:27','2017-12-15 10:58:27'),(311,1,'http://vitals.com/userproduct','192.168.8.182','2017-12-15 10:58:27','2017-12-15 10:58:27'),(312,1,'http://vitals.com/approveuser','192.168.8.182','2017-12-15 10:59:03','2017-12-15 10:59:03'),(313,1,'http://vitals.com/approveuser','192.168.8.182','2017-12-15 10:59:30','2017-12-15 10:59:30'),(314,1,'http://vitals.com/userproduct','192.168.8.182','2017-12-15 11:09:08','2017-12-15 11:09:08'),(315,1,'http://vitals.com/module/2','192.168.8.182','2017-12-15 11:09:15','2017-12-15 11:09:15'),(316,1,'http://vitals.com/module/2','192.168.8.182','2017-12-15 11:10:57','2017-12-15 11:10:57'),(317,1,'http://vitals.com/userproduct','192.168.8.182','2017-12-15 11:10:58','2017-12-15 11:10:58'),(318,1,'http://vitals.com/userproduct','192.168.8.182','2017-12-15 11:13:44','2017-12-15 11:13:44'),(319,1,'http://vitals.com/userproduct','192.168.8.182','2017-12-15 11:13:45','2017-12-15 11:13:45'),(320,1,'http://vitals.com/userproduct','192.168.8.182','2017-12-15 11:13:45','2017-12-15 11:13:45'),(321,1,'http://vitals.com/userproduct','192.168.8.182','2017-12-15 11:13:45','2017-12-15 11:13:45'),(322,1,'http://vitals.com/userproduct','192.168.8.182','2017-12-15 11:13:45','2017-12-15 11:13:45'),(323,1,'http://vitals.com/approveuser','192.168.8.182','2017-12-15 11:13:48','2017-12-15 11:13:48'),(324,1,'http://vitals.com/approveuser','192.168.8.182','2017-12-15 11:14:30','2017-12-15 11:14:30'),(325,1,'http://vitals.com/approveuser','192.168.8.182','2017-12-15 11:15:12','2017-12-15 11:15:12'),(326,1,'http://vitals.com/userproduct','192.168.8.182','2017-12-15 11:15:16','2017-12-15 11:15:16'),(327,1,'http://vitals.com/userproduct','192.168.8.182','2017-12-15 11:15:16','2017-12-15 11:15:16'),(328,1,'http://vitals.com/userproduct','192.168.8.182','2017-12-15 11:15:16','2017-12-15 11:15:16'),(329,1,'http://vitals.com/userproduct','192.168.8.182','2017-12-15 11:15:17','2017-12-15 11:15:17'),(330,1,'http://vitals.com/userproduct','192.168.8.182','2017-12-15 11:15:17','2017-12-15 11:15:17'),(331,1,'http://vitals.com/userproduct','192.168.8.182','2017-12-15 11:15:17','2017-12-15 11:15:17'),(332,1,'http://vitals.com/userproduct','192.168.8.182','2017-12-15 11:15:39','2017-12-15 11:15:39'),(333,1,'http://vitals.com/userproduct','192.168.8.182','2017-12-15 11:15:39','2017-12-15 11:15:39'),(334,1,'http://vitals.com/approveuser','192.168.8.182','2017-12-15 11:15:41','2017-12-15 11:15:41'),(335,1,'http://vitals.com/approveuser','192.168.8.182','2017-12-15 11:15:42','2017-12-15 11:15:42'),(336,1,'http://vitals.com/approveuser','192.168.8.182','2017-12-15 11:15:43','2017-12-15 11:15:43'),(337,1,'http://vitals.com/approveuser','192.168.8.182','2017-12-15 11:15:43','2017-12-15 11:15:43'),(338,1,'http://vitals.com/approveuser','192.168.8.182','2017-12-15 11:15:43','2017-12-15 11:15:43'),(339,1,'http://vitals.com/approveuser','192.168.8.182','2017-12-15 11:15:43','2017-12-15 11:15:43'),(340,1,'http://vitals.com/approveuser','192.168.8.182','2017-12-15 11:15:44','2017-12-15 11:15:44'),(341,1,'http://vitals.com/approveuser','192.168.8.182','2017-12-15 11:15:47','2017-12-15 11:15:47'),(342,1,'http://vitals.com/userproduct','192.168.8.182','2017-12-15 11:22:52','2017-12-15 11:22:52'),(343,1,'http://vitals.com/approveuser','192.168.8.182','2017-12-15 11:22:58','2017-12-15 11:22:58'),(344,1,'http://vitals.com/userproduct','192.168.8.182','2017-12-15 11:24:38','2017-12-15 11:24:38'),(345,1,'http://vitals.com/userproduct','192.168.8.182','2017-12-15 11:24:39','2017-12-15 11:24:39'),(346,1,'http://vitals.com/approveuser/2','192.168.8.182','2017-12-15 11:24:40','2017-12-15 11:24:40'),(347,1,'http://vitals.com/approveuser/2','192.168.8.182','2017-12-15 11:24:44','2017-12-15 11:24:44'),(348,1,'http://vitals.com/approveuser/2','192.168.8.182','2017-12-15 11:25:03','2017-12-15 11:25:03'),(349,1,'http://vitals.com/approveuser/2','192.168.8.182','2017-12-15 11:25:17','2017-12-15 11:25:17'),(350,1,'http://vitals.com/userproduct','192.168.8.182','2017-12-15 11:26:48','2017-12-15 11:26:48'),(351,1,'http://vitals.com/userproduct','192.168.8.182','2017-12-15 11:26:48','2017-12-15 11:26:48'),(352,1,'http://vitals.com/userproduct','192.168.8.182','2017-12-15 11:26:48','2017-12-15 11:26:48'),(353,1,'http://vitals.com/approveuser/2/1','192.168.8.182','2017-12-15 11:26:53','2017-12-15 11:26:53'),(354,1,'http://vitals.com/approveuser/2/0','192.168.8.182','2017-12-15 11:26:55','2017-12-15 11:26:55'),(355,1,'http://vitals.com/module/2','192.168.8.182','2017-12-15 11:28:30','2017-12-15 11:28:30'),(356,1,'http://localhost:8000/userproduct','127.0.0.1','2017-12-18 03:45:11','2017-12-18 03:45:11'),(357,1,'http://localhost:8000/approveuser/2/1','127.0.0.1','2017-12-18 03:45:32','2017-12-18 03:45:32'),(358,1,'http://localhost:8000/userproduct','127.0.0.1','2017-12-18 03:46:27','2017-12-18 03:46:27'),(359,1,'http://localhost:8000/approveuser/2/1','127.0.0.1','2017-12-18 03:46:31','2017-12-18 03:46:31'),(360,1,'http://localhost:8000/approveuser/2/1','127.0.0.1','2017-12-18 03:46:49','2017-12-18 03:46:49'),(361,1,'http://localhost:8000/userproduct','127.0.0.1','2017-12-18 03:47:26','2017-12-18 03:47:26'),(362,1,'http://localhost:8000/approveuser/2/1','127.0.0.1','2017-12-18 03:47:30','2017-12-18 03:47:30'),(363,1,'http://localhost:8000/userproduct','127.0.0.1','2017-12-18 03:48:05','2017-12-18 03:48:05'),(364,1,'http://localhost:8000/userproduct','127.0.0.1','2017-12-18 03:49:40','2017-12-18 03:49:40'),(365,1,'http://localhost:8000/userproduct','127.0.0.1','2017-12-18 03:50:09','2017-12-18 03:50:09'),(366,1,'http://localhost:8000/approveuser/2/1','127.0.0.1','2017-12-18 03:50:12','2017-12-18 03:50:12'),(367,1,'http://localhost:8000/userproduct','127.0.0.1','2017-12-18 03:53:33','2017-12-18 03:53:33'),(368,1,'http://localhost:8000/approveuser/2/1','127.0.0.1','2017-12-18 03:53:36','2017-12-18 03:53:36'),(369,1,'http://localhost:8000/userproduct','127.0.0.1','2017-12-18 03:56:16','2017-12-18 03:56:16'),(370,1,'http://localhost:8000/approveuser/2/1','127.0.0.1','2017-12-18 03:56:18','2017-12-18 03:56:18'),(371,1,'http://localhost:8000/approveuser/2/1','127.0.0.1','2017-12-18 03:56:25','2017-12-18 03:56:25'),(372,1,'http://localhost:8000/userproduct','127.0.0.1','2017-12-18 04:05:24','2017-12-18 04:05:24'),(373,1,'http://localhost:8000/approveuser/2/1','127.0.0.1','2017-12-18 04:05:28','2017-12-18 04:05:28'),(374,1,'http://localhost:8000/userproduct','127.0.0.1','2017-12-18 04:09:03','2017-12-18 04:09:03'),(375,1,'http://localhost:8000/approveuser/2/1','127.0.0.1','2017-12-18 04:09:10','2017-12-18 04:09:10'),(376,1,'http://localhost:8000/userproduct','127.0.0.1','2017-12-18 04:10:02','2017-12-18 04:10:02'),(377,1,'http://localhost:8000/approveuser/2/1','127.0.0.1','2017-12-18 04:10:08','2017-12-18 04:10:08'),(378,1,'http://localhost:8000/userproduct','127.0.0.1','2017-12-18 04:11:58','2017-12-18 04:11:58'),(379,1,'http://localhost:8000/approveuser/2/1','127.0.0.1','2017-12-18 04:12:04','2017-12-18 04:12:04'),(380,1,'http://localhost:8000/userproduct','127.0.0.1','2017-12-18 04:12:32','2017-12-18 04:12:32'),(381,1,'http://localhost:8000/module/2','127.0.0.1','2017-12-18 04:13:14','2017-12-18 04:13:14'),(382,1,'http://localhost:8000/module/3','127.0.0.1','2017-12-18 04:13:18','2017-12-18 04:13:18'),(383,1,'http://localhost:8000/approveuser/2/1','127.0.0.1','2017-12-18 04:13:47','2017-12-18 04:13:47'),(384,1,'http://localhost:8000/userproduct','127.0.0.1','2017-12-18 04:15:27','2017-12-18 04:15:27'),(385,1,'http://localhost:8000/approveuser/2/1','127.0.0.1','2017-12-18 04:15:29','2017-12-18 04:15:29'),(386,1,'http://localhost:8000/userproduct','127.0.0.1','2017-12-18 04:16:40','2017-12-18 04:16:40'),(387,1,'http://localhost:8000/userproduct','127.0.0.1','2017-12-18 04:24:22','2017-12-18 04:24:22'),(388,1,'http://localhost:8000/approveuser/2/1','127.0.0.1','2017-12-18 04:24:25','2017-12-18 04:24:25'),(389,1,'http://localhost:8000/userproduct','127.0.0.1','2017-12-18 04:30:22','2017-12-18 04:30:22'),(390,1,'http://localhost:8000/userproduct','127.0.0.1','2017-12-18 04:31:06','2017-12-18 04:31:06'),(391,1,'http://localhost:8000/userproduct','127.0.0.1','2017-12-18 04:31:56','2017-12-18 04:31:56'),(392,1,'http://localhost:8000/approveuser/2/1','127.0.0.1','2017-12-18 04:32:01','2017-12-18 04:32:01'),(393,1,'http://localhost:8000/userproduct','127.0.0.1','2017-12-18 04:35:19','2017-12-18 04:35:19'),(394,1,'http://localhost:8000/approveuser/2/1','127.0.0.1','2017-12-18 04:35:24','2017-12-18 04:35:24'),(395,1,'http://localhost:8000/userproduct','127.0.0.1','2017-12-18 04:36:55','2017-12-18 04:36:55'),(396,1,'http://localhost:8000/userproduct','127.0.0.1','2017-12-18 04:37:39','2017-12-18 04:37:39'),(397,1,'http://localhost:8000/approveuser/2/1','127.0.0.1','2017-12-18 04:37:44','2017-12-18 04:37:44'),(398,1,'http://localhost:8000/userproduct','127.0.0.1','2017-12-18 04:42:38','2017-12-18 04:42:38'),(399,1,'http://localhost:8000/userproduct','127.0.0.1','2017-12-18 04:47:41','2017-12-18 04:47:41'),(400,1,'http://localhost:8000/approveuser/2/1','127.0.0.1','2017-12-18 04:47:44','2017-12-18 04:47:44'),(401,1,'http://localhost:8000/userproduct','127.0.0.1','2017-12-18 04:49:57','2017-12-18 04:49:57'),(402,1,'http://localhost:8000/userproduct','127.0.0.1','2017-12-18 04:50:39','2017-12-18 04:50:39'),(403,1,'http://localhost:8000/approveuser/2/1','127.0.0.1','2017-12-18 04:50:43','2017-12-18 04:50:43'),(404,1,'http://localhost:8000/userproduct','127.0.0.1','2017-12-18 04:52:03','2017-12-18 04:52:03'),(405,1,'http://localhost:8000/userproduct','127.0.0.1','2017-12-18 04:52:07','2017-12-18 04:52:07'),(406,1,'http://localhost:8000/approveuser/2/1','127.0.0.1','2017-12-18 04:52:12','2017-12-18 04:52:12'),(407,1,'http://localhost:8000/approveuser/2/1','127.0.0.1','2017-12-18 04:52:23','2017-12-18 04:52:23'),(408,1,'http://localhost:8000/userproduct','127.0.0.1','2017-12-18 04:54:00','2017-12-18 04:54:00'),(409,1,'http://localhost:8000/userproduct','127.0.0.1','2017-12-18 04:54:19','2017-12-18 04:54:19'),(410,1,'http://localhost:8000/userproduct','127.0.0.1','2017-12-18 04:54:42','2017-12-18 04:54:42'),(411,1,'http://localhost:8000/approveuser/2/1','127.0.0.1','2017-12-18 04:54:47','2017-12-18 04:54:47'),(412,1,'http://localhost:8000/userproduct','127.0.0.1','2017-12-18 04:55:10','2017-12-18 04:55:10'),(413,1,'http://localhost:8000/approveuser/2/1','127.0.0.1','2017-12-18 04:55:18','2017-12-18 04:55:18'),(414,1,'http://localhost:8000/userproduct','127.0.0.1','2017-12-18 04:55:51','2017-12-18 04:55:51'),(415,1,'http://localhost:8000/approveuser/2/1','127.0.0.1','2017-12-18 04:55:52','2017-12-18 04:55:52'),(416,1,'http://localhost:8000/approveuser/2/0','127.0.0.1','2017-12-18 04:55:54','2017-12-18 04:55:54'),(417,1,'http://localhost:8000/userproduct','127.0.0.1','2017-12-18 04:55:58','2017-12-18 04:55:58'),(418,1,'http://localhost:8000/approveuser/2/1','127.0.0.1','2017-12-18 04:55:59','2017-12-18 04:55:59'),(419,1,'http://localhost:8000/approveuser/2/0','127.0.0.1','2017-12-18 04:56:02','2017-12-18 04:56:02'),(420,1,'http://localhost:8000/userproduct','127.0.0.1','2017-12-18 04:56:24','2017-12-18 04:56:24'),(421,1,'http://localhost:8000/approveuser/2/1','127.0.0.1','2017-12-18 04:56:26','2017-12-18 04:56:26'),(422,1,'http://localhost:8000/approveuser/2/0','127.0.0.1','2017-12-18 04:56:27','2017-12-18 04:56:27'),(423,1,'http://localhost:8000/approveuser/2/1','127.0.0.1','2017-12-18 04:56:28','2017-12-18 04:56:28'),(424,1,'http://localhost:8000/approveuser/2/0','127.0.0.1','2017-12-18 04:56:29','2017-12-18 04:56:29'),(425,1,'http://localhost:8000/approveuser/2/1','127.0.0.1','2017-12-18 04:56:30','2017-12-18 04:56:30'),(426,1,'http://localhost:8000/approveuser/2/0','127.0.0.1','2017-12-18 04:56:32','2017-12-18 04:56:32'),(427,1,'http://localhost:8000/approveuser/2/1','127.0.0.1','2017-12-18 04:56:35','2017-12-18 04:56:35'),(428,1,'http://localhost:8000/approveuser/2/0','127.0.0.1','2017-12-18 04:56:39','2017-12-18 04:56:39'),(429,1,'http://localhost:8000/approveuser/2/1','127.0.0.1','2017-12-18 04:57:14','2017-12-18 04:57:14'),(430,1,'http://localhost:8000/approveuser/2/0','127.0.0.1','2017-12-18 04:57:23','2017-12-18 04:57:23'),(431,1,'http://localhost:8000/approveuser/2/1','127.0.0.1','2017-12-18 04:57:47','2017-12-18 04:57:47'),(432,1,'http://localhost:8000/userproduct','127.0.0.1','2017-12-18 04:58:09','2017-12-18 04:58:09'),(433,1,'http://localhost:8000/approveuser/2/1','127.0.0.1','2017-12-18 04:58:10','2017-12-18 04:58:10'),(434,1,'http://localhost:8000/approveuser/2/0','127.0.0.1','2017-12-18 04:58:11','2017-12-18 04:58:11'),(435,1,'http://localhost:8000/approveuser/2/1','127.0.0.1','2017-12-18 04:58:12','2017-12-18 04:58:12'),(436,1,'http://localhost:8000/approveuser/2/0','127.0.0.1','2017-12-18 04:58:13','2017-12-18 04:58:13'),(437,1,'http://localhost:8000/userproduct','127.0.0.1','2017-12-18 04:58:59','2017-12-18 04:58:59'),(438,1,'http://localhost:8000/approveuser/2/1','127.0.0.1','2017-12-18 04:59:01','2017-12-18 04:59:01'),(439,1,'http://localhost:8000/approveuser/2/0','127.0.0.1','2017-12-18 04:59:04','2017-12-18 04:59:04'),(440,1,'http://localhost:8000/userproduct','127.0.0.1','2017-12-18 04:59:35','2017-12-18 04:59:35'),(441,1,'http://localhost:8000/approveuser/2/1','127.0.0.1','2017-12-18 04:59:37','2017-12-18 04:59:37'),(442,1,'http://localhost:8000/approveuser/2/0','127.0.0.1','2017-12-18 04:59:37','2017-12-18 04:59:37'),(443,1,'http://localhost:8000/approveuser/2/1','127.0.0.1','2017-12-18 04:59:38','2017-12-18 04:59:38'),(444,1,'http://localhost:8000/approveuser/2/0','127.0.0.1','2017-12-18 04:59:38','2017-12-18 04:59:38'),(445,1,'http://localhost:8000/approveuser/2/1','127.0.0.1','2017-12-18 04:59:39','2017-12-18 04:59:39'),(446,1,'http://localhost:8000/approveuser/2/0','127.0.0.1','2017-12-18 04:59:42','2017-12-18 04:59:42'),(447,1,'http://localhost:8000/userproduct','127.0.0.1','2017-12-18 05:00:39','2017-12-18 05:00:39'),(448,1,'http://localhost:8000/approveuser/2/1','127.0.0.1','2017-12-18 05:00:41','2017-12-18 05:00:41'),(449,1,'http://localhost:8000/approveuser/2/0','127.0.0.1','2017-12-18 05:00:42','2017-12-18 05:00:42'),(450,1,'http://localhost:8000/userproduct','127.0.0.1','2017-12-18 05:00:54','2017-12-18 05:00:54'),(451,1,'http://localhost:8000/approveuser/2/1','127.0.0.1','2017-12-18 05:00:56','2017-12-18 05:00:56'),(452,1,'http://localhost:8000/userproduct','127.0.0.1','2017-12-18 05:01:16','2017-12-18 05:01:16'),(453,1,'http://localhost:8000/approveuser/2/1','127.0.0.1','2017-12-18 05:01:18','2017-12-18 05:01:18'),(454,1,'http://localhost:8000/approveuser/2/0','127.0.0.1','2017-12-18 05:01:19','2017-12-18 05:01:19'),(455,1,'http://localhost:8000/approveuser/2/1','127.0.0.1','2017-12-18 05:01:20','2017-12-18 05:01:20'),(456,1,'http://localhost:8000/approveuser/2/0','127.0.0.1','2017-12-18 05:01:20','2017-12-18 05:01:20'),(457,1,'http://localhost:8000/approveuser/2/1','127.0.0.1','2017-12-18 05:01:21','2017-12-18 05:01:21'),(458,1,'http://localhost:8000/approveuser/2/0','127.0.0.1','2017-12-18 05:01:23','2017-12-18 05:01:23'),(459,1,'http://localhost:8000/approveuser/2/1','127.0.0.1','2017-12-18 05:01:32','2017-12-18 05:01:32'),(460,1,'http://localhost:8000/approveuser/2/0','127.0.0.1','2017-12-18 05:01:32','2017-12-18 05:01:32'),(461,1,'http://localhost:8000/userproduct','127.0.0.1','2017-12-18 05:01:57','2017-12-18 05:01:57'),(462,1,'http://localhost:8000/approveuser/2/1','127.0.0.1','2017-12-18 05:01:58','2017-12-18 05:01:58'),(463,1,'http://localhost:8000/approveuser/2/1','127.0.0.1','2017-12-18 05:02:01','2017-12-18 05:02:01'),(464,1,'http://localhost:8000/approveuser/2/1','127.0.0.1','2017-12-18 05:02:02','2017-12-18 05:02:02'),(465,1,'http://localhost:8000/approveuser/2/1','127.0.0.1','2017-12-18 05:02:02','2017-12-18 05:02:02'),(466,1,'http://localhost:8000/approveuser/2/1','127.0.0.1','2017-12-18 05:02:03','2017-12-18 05:02:03'),(467,1,'http://localhost:8000/approveuser/2/1','127.0.0.1','2017-12-18 05:02:03','2017-12-18 05:02:03'),(468,1,'http://localhost:8000/userproduct','127.0.0.1','2017-12-18 05:02:09','2017-12-18 05:02:09'),(469,1,'http://localhost:8000/approveuser/2/1','127.0.0.1','2017-12-18 05:02:16','2017-12-18 05:02:16'),(470,1,'http://localhost:8000/userproduct','127.0.0.1','2017-12-18 05:03:12','2017-12-18 05:03:12'),(471,1,'http://localhost:8000/approveuser/2/1','127.0.0.1','2017-12-18 05:03:14','2017-12-18 05:03:14'),(472,1,'http://localhost:8000/approveuser/2/0','127.0.0.1','2017-12-18 05:03:16','2017-12-18 05:03:16'),(473,1,'http://localhost:8000/userproduct','127.0.0.1','2017-12-18 05:04:03','2017-12-18 05:04:03'),(474,1,'http://localhost:8000/approveuser/2/1','127.0.0.1','2017-12-18 05:04:05','2017-12-18 05:04:05'),(475,1,'http://localhost:8000/approveuser/2/0','127.0.0.1','2017-12-18 05:04:05','2017-12-18 05:04:05'),(476,1,'http://localhost:8000/approveuser/2/1','127.0.0.1','2017-12-18 05:04:07','2017-12-18 05:04:07'),(477,1,'http://localhost:8000/approveuser/2/0','127.0.0.1','2017-12-18 05:04:08','2017-12-18 05:04:08'),(478,1,'http://localhost:8000/approveuser/2/1','127.0.0.1','2017-12-18 05:04:09','2017-12-18 05:04:09'),(479,1,'http://localhost:8000/approveuser/2/0','127.0.0.1','2017-12-18 05:04:11','2017-12-18 05:04:11'),(480,1,'http://localhost:8000/approveuser/2/1','127.0.0.1','2017-12-18 05:04:12','2017-12-18 05:04:12'),(481,1,'http://localhost:8000/approveuser/2/0','127.0.0.1','2017-12-18 05:04:13','2017-12-18 05:04:13'),(482,1,'http://localhost:8000/userproduct','127.0.0.1','2017-12-18 05:04:15','2017-12-18 05:04:15'),(483,1,'http://localhost:8000/approveuser/2/1','127.0.0.1','2017-12-18 05:04:23','2017-12-18 05:04:23'),(484,1,'http://localhost:8000/approveuser/2/0','127.0.0.1','2017-12-18 05:04:30','2017-12-18 05:04:30'),(485,1,'http://localhost:8000/userproduct','127.0.0.1','2017-12-18 05:04:51','2017-12-18 05:04:51'),(486,1,'http://localhost:8000/approveuser/2/1','127.0.0.1','2017-12-18 05:05:41','2017-12-18 05:05:41'),(487,1,'http://localhost:8000/approveuser/2/0','127.0.0.1','2017-12-18 05:05:43','2017-12-18 05:05:43'),(488,1,'http://localhost:8000/userproduct','127.0.0.1','2017-12-18 05:06:38','2017-12-18 05:06:38'),(489,1,'http://localhost:8000/approveuser/2/1','127.0.0.1','2017-12-18 05:06:58','2017-12-18 05:06:58'),(490,1,'http://localhost:8000/approveuser/2/0','127.0.0.1','2017-12-18 05:06:59','2017-12-18 05:06:59'),(491,1,'http://localhost:8000/approveuser/2/1','127.0.0.1','2017-12-18 05:06:59','2017-12-18 05:06:59'),(492,1,'http://localhost:8000/approveuser/2/0','127.0.0.1','2017-12-18 05:07:00','2017-12-18 05:07:00'),(493,1,'http://localhost:8000/approveuser/2/1','127.0.0.1','2017-12-18 05:07:01','2017-12-18 05:07:01'),(494,1,'http://localhost:8000/approveuser/2/0','127.0.0.1','2017-12-18 05:07:01','2017-12-18 05:07:01'),(495,1,'http://localhost:8000/userproduct','127.0.0.1','2017-12-18 05:08:32','2017-12-18 05:08:32'),(496,1,'http://localhost:8000/approveuser/2/1','127.0.0.1','2017-12-18 05:08:34','2017-12-18 05:08:34'),(497,1,'http://localhost:8000/approveuser/2/0','127.0.0.1','2017-12-18 05:08:38','2017-12-18 05:08:38'),(498,1,'http://localhost:8000/userproduct','127.0.0.1','2017-12-18 05:08:51','2017-12-18 05:08:51'),(499,1,'http://localhost:8000/approveuser/2/1','127.0.0.1','2017-12-18 05:10:20','2017-12-18 05:10:20'),(500,1,'http://localhost:8000/approveuser/2/0','127.0.0.1','2017-12-18 05:12:16','2017-12-18 05:12:16'),(501,1,'http://localhost:8000/approveuser/2/1','127.0.0.1','2017-12-18 05:12:20','2017-12-18 05:12:20'),(502,1,'http://localhost:8000/approveuser/2/0','127.0.0.1','2017-12-18 05:12:21','2017-12-18 05:12:21'),(503,1,'http://localhost:8000/approveuser/2/1','127.0.0.1','2017-12-18 05:12:27','2017-12-18 05:12:27'),(504,1,'http://localhost:8000/userproduct','127.0.0.1','2017-12-18 05:12:39','2017-12-18 05:12:39'),(505,1,'http://localhost:8000/approveuser/2/1','127.0.0.1','2017-12-18 05:12:42','2017-12-18 05:12:42'),(506,1,'http://localhost:8000/approveuser/2/0','127.0.0.1','2017-12-18 05:12:46','2017-12-18 05:12:46'),(507,1,'http://localhost:8000/userproduct','127.0.0.1','2017-12-18 05:13:26','2017-12-18 05:13:26'),(508,1,'http://localhost:8000/approveuser/2/1','127.0.0.1','2017-12-18 05:14:18','2017-12-18 05:14:18'),(509,1,'http://localhost:8000/userproduct','127.0.0.1','2017-12-18 05:17:48','2017-12-18 05:17:48'),(510,1,'http://localhost:8000/approveuser/2/1','127.0.0.1','2017-12-18 05:17:51','2017-12-18 05:17:51'),(511,1,'http://localhost:8000/approveuser/2/0','127.0.0.1','2017-12-18 05:17:56','2017-12-18 05:17:56'),(512,1,'http://localhost:8000/userproduct','127.0.0.1','2017-12-18 05:18:46','2017-12-18 05:18:46'),(513,1,'http://localhost:8000/approveuser/2/1','127.0.0.1','2017-12-18 05:19:11','2017-12-18 05:19:11'),(514,1,'http://localhost:8000/approveuser/2/0','127.0.0.1','2017-12-18 05:19:50','2017-12-18 05:19:50'),(515,1,'http://localhost:8000/userproduct','127.0.0.1','2017-12-18 05:20:58','2017-12-18 05:20:58'),(516,1,'http://localhost:8000/userproduct','127.0.0.1','2017-12-18 05:21:00','2017-12-18 05:21:00'),(517,1,'http://localhost:8000/module/2','127.0.0.1','2017-12-18 05:22:32','2017-12-18 05:22:32'),(518,1,'http://localhost:8000/module/2','127.0.0.1','2017-12-18 05:22:37','2017-12-18 05:22:37'),(519,1,'http://localhost:8000/module/2','127.0.0.1','2017-12-18 05:26:39','2017-12-18 05:26:39'),(520,1,'http://localhost:8000/module/2','127.0.0.1','2017-12-18 05:27:00','2017-12-18 05:27:00'),(521,1,'http://localhost:8000/module/2','127.0.0.1','2017-12-18 05:27:03','2017-12-18 05:27:03'),(522,1,'http://localhost:8000/module/2','127.0.0.1','2017-12-18 05:27:18','2017-12-18 05:27:18'),(523,1,'http://localhost:8000/module/2','127.0.0.1','2017-12-18 05:33:27','2017-12-18 05:33:27'),(524,1,'http://localhost:8000/module/2','127.0.0.1','2017-12-18 05:34:36','2017-12-18 05:34:36'),(525,1,'http://localhost:8000/module/2','127.0.0.1','2017-12-18 05:34:43','2017-12-18 05:34:43'),(526,1,'http://localhost:8000/module/2','127.0.0.1','2017-12-18 05:34:48','2017-12-18 05:34:48'),(527,1,'http://localhost:8000/module/2','127.0.0.1','2017-12-18 05:38:47','2017-12-18 05:38:47'),(528,1,'http://localhost:8000/module/2','127.0.0.1','2017-12-18 05:45:15','2017-12-18 05:45:15'),(529,1,'http://localhost:8000/module/2','127.0.0.1','2017-12-18 05:45:32','2017-12-18 05:45:32'),(530,1,'http://localhost:8000/userproduct','127.0.0.1','2017-12-18 05:45:34','2017-12-18 05:45:34'),(531,1,'http://localhost:8000/approveuser/2/1','127.0.0.1','2017-12-18 05:45:36','2017-12-18 05:45:36'),(532,1,'http://localhost:8000/approveuser/2/0','127.0.0.1','2017-12-18 05:45:38','2017-12-18 05:45:38'),(533,1,'http://localhost:8000/userproduct','127.0.0.1','2017-12-18 05:45:46','2017-12-18 05:45:46'),(534,1,'http://localhost:8000/module/2','127.0.0.1','2017-12-18 05:49:51','2017-12-18 05:49:51'),(535,1,'http://localhost:8000/userproduct','127.0.0.1','2017-12-18 05:50:14','2017-12-18 05:50:14'),(536,1,'http://localhost:8000/module/3','127.0.0.1','2017-12-18 05:50:15','2017-12-18 05:50:15'),(537,1,'http://localhost:8000/module/3','127.0.0.1','2017-12-18 05:51:12','2017-12-18 05:51:12'),(538,1,'http://localhost:8000/module/3','127.0.0.1','2017-12-18 05:55:33','2017-12-18 05:55:33'),(539,1,'http://localhost:8000/module/3','127.0.0.1','2017-12-18 05:55:45','2017-12-18 05:55:45'),(540,1,'http://localhost:8000/module/3','127.0.0.1','2017-12-18 05:56:01','2017-12-18 05:56:01'),(541,1,'http://localhost:8000/module/3','127.0.0.1','2017-12-18 05:57:01','2017-12-18 05:57:01'),(542,1,'http://localhost:8000/module/3','127.0.0.1','2017-12-18 05:57:04','2017-12-18 05:57:04'),(543,1,'http://localhost:8000/module/3','127.0.0.1','2017-12-18 05:58:12','2017-12-18 05:58:12'),(544,1,'http://localhost:8000/module/3','127.0.0.1','2017-12-18 05:58:16','2017-12-18 05:58:16'),(545,1,'http://localhost:8000/module/3','127.0.0.1','2017-12-18 05:58:45','2017-12-18 05:58:45'),(546,1,'http://localhost:8000/module/3','127.0.0.1','2017-12-18 06:04:47','2017-12-18 06:04:47'),(547,1,'http://localhost:8000/module/3','127.0.0.1','2017-12-18 06:04:55','2017-12-18 06:04:55'),(548,1,'http://localhost:8000/module/3','127.0.0.1','2017-12-18 06:05:45','2017-12-18 06:05:45'),(549,1,'http://localhost:8000/module/3','127.0.0.1','2017-12-18 06:06:05','2017-12-18 06:06:05'),(550,1,'http://localhost:8000/module/3','127.0.0.1','2017-12-18 06:06:08','2017-12-18 06:06:08'),(551,1,'http://localhost:8000/userproduct','127.0.0.1','2017-12-18 07:23:14','2017-12-18 07:23:14'),(552,1,'http://localhost:8000/approveuser/2/1','127.0.0.1','2017-12-18 07:23:16','2017-12-18 07:23:16'),(553,1,'http://localhost:8000/approveuser/2/0','127.0.0.1','2017-12-18 07:23:18','2017-12-18 07:23:18'),(554,1,'http://localhost:8000/module/2','127.0.0.1','2017-12-18 07:23:23','2017-12-18 07:23:23'),(555,1,'http://localhost:8000/module/3','127.0.0.1','2017-12-18 07:26:27','2017-12-18 07:26:27'),(556,1,'http://localhost:8000/module/3','127.0.0.1','2017-12-18 07:26:36','2017-12-18 07:26:36'),(557,1,'http://localhost:8000/module/3','127.0.0.1','2017-12-18 07:29:31','2017-12-18 07:29:31'),(558,1,'http://localhost:8000/module/3','127.0.0.1','2017-12-18 07:46:06','2017-12-18 07:46:06'),(559,1,'http://localhost:8000/module/3','127.0.0.1','2017-12-18 07:46:58','2017-12-18 07:46:58'),(560,1,'http://localhost:8000/module/3','127.0.0.1','2017-12-18 07:53:32','2017-12-18 07:53:32'),(561,1,'http://localhost:8000/module/3','127.0.0.1','2017-12-18 07:53:41','2017-12-18 07:53:41'),(562,1,'http://localhost:8000/module/3','127.0.0.1','2017-12-18 07:57:42','2017-12-18 07:57:42'),(563,1,'http://localhost:8000/module/3','127.0.0.1','2017-12-18 08:05:06','2017-12-18 08:05:06'),(564,1,'http://localhost:8000/module/3','127.0.0.1','2017-12-18 08:06:20','2017-12-18 08:06:20'),(565,1,'http://localhost:8000/module/3','127.0.0.1','2017-12-18 08:06:29','2017-12-18 08:06:29'),(566,1,'http://localhost:8000/module/3','127.0.0.1','2017-12-18 08:07:52','2017-12-18 08:07:52'),(567,1,'http://localhost:8000/module/3','127.0.0.1','2017-12-18 08:08:41','2017-12-18 08:08:41'),(568,1,'http://localhost:8000/module/3','127.0.0.1','2017-12-18 08:14:00','2017-12-18 08:14:00'),(569,1,'http://localhost:8000/module/3','127.0.0.1','2017-12-18 08:14:05','2017-12-18 08:14:05'),(570,1,'http://localhost:8000/module/3','127.0.0.1','2017-12-18 08:14:27','2017-12-18 08:14:27'),(571,1,'http://localhost:8000/userproduct','127.0.0.1','2017-12-18 08:15:40','2017-12-18 08:15:40'),(572,1,'http://localhost:8000/module/2','127.0.0.1','2017-12-18 08:15:42','2017-12-18 08:15:42'),(573,1,'http://localhost:8000/module/2','127.0.0.1','2017-12-18 08:15:46','2017-12-18 08:15:46'),(574,1,'http://localhost:8000/module/2','127.0.0.1','2017-12-18 08:16:46','2017-12-18 08:16:46'),(575,1,'http://localhost:8000/module/2','127.0.0.1','2017-12-18 08:17:52','2017-12-18 08:17:52'),(576,1,'http://localhost:8000/module/2','127.0.0.1','2017-12-18 08:17:55','2017-12-18 08:17:55'),(577,1,'http://localhost:8000/module/2','127.0.0.1','2017-12-18 08:17:59','2017-12-18 08:17:59'),(578,1,'http://localhost:8000/module/2','127.0.0.1','2017-12-18 08:18:47','2017-12-18 08:18:47'),(579,1,'http://localhost:8000/module/2','127.0.0.1','2017-12-18 08:18:49','2017-12-18 08:18:49'),(580,1,'http://localhost:8000/module/2','127.0.0.1','2017-12-18 08:18:51','2017-12-18 08:18:51'),(581,1,'http://localhost:8000/userproduct','127.0.0.1','2017-12-18 08:18:53','2017-12-18 08:18:53'),(582,1,'http://localhost:8000/module/2','127.0.0.1','2017-12-18 08:18:54','2017-12-18 08:18:54'),(583,1,'http://localhost:8000/module/2','127.0.0.1','2017-12-18 08:18:58','2017-12-18 08:18:58'),(584,1,'http://localhost:8000/module/2','127.0.0.1','2017-12-18 08:19:58','2017-12-18 08:19:58'),(585,1,'http://localhost:8000/module/2','127.0.0.1','2017-12-18 08:20:46','2017-12-18 08:20:46'),(586,1,'http://localhost:8000/module/2','127.0.0.1','2017-12-18 08:21:37','2017-12-18 08:21:37'),(587,1,'http://localhost:8000/module/2','127.0.0.1','2017-12-18 08:22:08','2017-12-18 08:22:08'),(588,1,'http://localhost:8000/module/2','127.0.0.1','2017-12-18 08:23:53','2017-12-18 08:23:53'),(589,1,'http://localhost:8000/module/2','127.0.0.1','2017-12-18 08:24:00','2017-12-18 08:24:00'),(590,1,'http://localhost:8000/module/2','127.0.0.1','2017-12-18 08:24:14','2017-12-18 08:24:14'),(591,1,'http://localhost:8000/module/2','127.0.0.1','2017-12-18 08:25:32','2017-12-18 08:25:32'),(592,1,'http://localhost:8000/module/2','127.0.0.1','2017-12-18 08:26:35','2017-12-18 08:26:35'),(593,1,'http://localhost:8000/module/2','127.0.0.1','2017-12-18 08:28:16','2017-12-18 08:28:16'),(594,1,'http://localhost:8000/module/2','127.0.0.1','2017-12-18 08:28:21','2017-12-18 08:28:21'),(595,1,'http://localhost:8000/module/2','127.0.0.1','2017-12-18 08:28:25','2017-12-18 08:28:25'),(596,1,'http://localhost:8000/module/2','127.0.0.1','2017-12-18 08:30:13','2017-12-18 08:30:13'),(597,1,'http://localhost:8000/module/2','127.0.0.1','2017-12-18 08:30:16','2017-12-18 08:30:16'),(598,1,'http://localhost:8000/userproduct','127.0.0.1','2017-12-18 08:30:19','2017-12-18 08:30:19'),(599,1,'http://localhost:8000/userproduct','127.0.0.1','2017-12-18 08:31:06','2017-12-18 08:31:06'),(600,1,'http://localhost:8000/userproduct','127.0.0.1','2017-12-18 10:23:22','2017-12-18 10:23:22'),(601,1,'http://localhost:8000/approveuser/2/1','127.0.0.1','2017-12-18 10:23:33','2017-12-18 10:23:33'),(602,1,'http://localhost:8000/approveuser/2/0','127.0.0.1','2017-12-18 10:23:44','2017-12-18 10:23:44'),(603,1,'http://localhost:8000/module/2','127.0.0.1','2017-12-18 10:23:50','2017-12-18 10:23:50'),(604,1,'http://localhost:8000/module/2','127.0.0.1','2017-12-18 10:23:56','2017-12-18 10:23:56'),(605,1,'http://localhost:8000/module/2','127.0.0.1','2017-12-18 10:24:21','2017-12-18 10:24:21'),(606,1,'http://localhost:8000/module/2','127.0.0.1','2017-12-18 10:24:24','2017-12-18 10:24:24'),(607,1,'http://localhost:8000/userproduct','127.0.0.1','2017-12-18 10:26:31','2017-12-18 10:26:31'),(608,1,'http://localhost:8000/approveuser/2/1','127.0.0.1','2017-12-18 10:27:03','2017-12-18 10:27:03'),(609,1,'http://localhost:8000/approveuser/2/0','127.0.0.1','2017-12-18 10:27:06','2017-12-18 10:27:06'),(610,1,'http://localhost:8000/userproduct','127.0.0.1','2017-12-18 10:32:30','2017-12-18 10:32:30'),(611,1,'http://localhost:8000/approveuser/2/0','127.0.0.1','2017-12-18 11:49:30','2017-12-18 11:49:30'),(612,1,'http://localhost:8000/approveuser/2/1','127.0.0.1','2017-12-18 11:49:33','2017-12-18 11:49:33'),(613,1,'http://localhost:8000/userproduct','127.0.0.1','2017-12-18 11:49:35','2017-12-18 11:49:35'),(614,1,'http://localhost:8000/userproduct','127.0.0.1','2017-12-18 11:49:37','2017-12-18 11:49:37'),(615,1,'http://localhost:8000/module/2','127.0.0.1','2017-12-18 11:50:18','2017-12-18 11:50:18');
/*!40000 ALTER TABLE `users_activity` ENABLE KEYS */;
UNLOCK TABLES;
/*!40103 SET TIME_ZONE=@OLD_TIME_ZONE */;

/*!40101 SET SQL_MODE=@OLD_SQL_MODE */;
/*!40014 SET FOREIGN_KEY_CHECKS=@OLD_FOREIGN_KEY_CHECKS */;
/*!40014 SET UNIQUE_CHECKS=@OLD_UNIQUE_CHECKS */;
/*!40101 SET CHARACTER_SET_CLIENT=@OLD_CHARACTER_SET_CLIENT */;
/*!40101 SET CHARACTER_SET_RESULTS=@OLD_CHARACTER_SET_RESULTS */;
/*!40101 SET COLLATION_CONNECTION=@OLD_COLLATION_CONNECTION */;
/*!40111 SET SQL_NOTES=@OLD_SQL_NOTES */;

-- Dump completed on 2017-12-18 23:19:31
